암호화요양기호,요양기관명,기타인력코드,기타인력코드명,기타인력수
JDQ4MTYyMiM1MSMkMSMkMCMkMTMkMzgxMTkxIzExIyQxIyQ3IyQ3MiQyNjE4MzIjNDEjJDEjJDgjJDgz,분당자생한방병원,72,한약사,1
JDQ4MTYyMiM1MSMkMSMkMCMkMTMkMzgxMTkxIzExIyQxIyQ3IyQ3MiQyNjE4MzIjNDEjJDEjJDgjJDgz,분당자생한방병원,100,물리치료사,9
JDQ4MTYyMiM1MSMkMSMkMCMkMTMkMzgxMTkxIzExIyQxIyQzIyQ4OSQzNjEyMjIjNDEjJDEjJDgjJDgz,(학교법인)동국대학교 한의과대학 분당한방병원,72,한약사,2
JDQ4MTYyMiM1MSMkMSMkMCMkMTMkMzgxMTkxIzExIyQxIyQzIyQ4OSQzNjEyMjIjNDEjJDEjJDgjJDgz,(학교법인)동국대학교 한의과대학 분당한방병원,100,물리치료사,11
JDQ4MTYyMiM1MSMkMSMkMCMkMTMkMzgxMTkxIzExIyQxIyQzIyQ4OSQzNjEyMjIjNDEjJDEjJDgjJDgz,(학교법인)동국대학교 한의과대학 분당한방병원,110,작업치료사,8
JDQ4MTYyMiM1MSMkMSMkMCMkMTMkMzgxMTkxIzExIyQxIyQzIyQ4OSQzNjEyMjIjNDEjJDEjJDgjJDgz,(학교법인)동국대학교 한의과대학 분당한방병원,200,사회복지사,1
JDQ4MTYyMiM1MSMkMSMkMCMkMTMkMzgxMTkxIzIxIyQxIyQ1IyQ3MiQzNjEyMjIjODEjJDEjJDYjJDgz,경희위례한방병원,100,물리치료사,3
JDQ4MTYyMiM1MSMkMSMkMCMkMTMkMzgxMTkxIzIxIyQxIyQ5IyQ3OSQ0NjE0ODEjNjEjJDEjJDQjJDgz,성신한방병원,100,물리치료사,3
JDQ4MTYyMiM1MSMkMSMkMCMkMTMkMzgxMTkxIzIxIyQxIyQxIyQ3MiQyNjE0ODEjNTEjJDEjJDYjJDgz,성남제일한방병원,100,물리치료사,2
JDQ4MTYyMiM1MSMkMSMkMCMkMTMkMzgxMTkxIzIxIyQxIyQxIyQ5MiQ0NjE0ODEjNTEjJDEjJDYjJDgz,분당나로한방병원,100,물리치료사,6
JDQ4MTYyMiM1MSMkMSMkMCMkMTMkMzgxMTkxIzIxIyQyIyQ5IyQwMCQyNjEyMjIjODEjJDEjJDIjJDgz,365매일한방병원,100,물리치료사,2
JDQ4MTYyMiM1MSMkMSMkMCMkODkkMzgxMzUxIzExIyQxIyQ3IyQ3OSQzNjE0ODEjNjEjJDEjJDgjJDgz,순천의료재단 성남정병원,71,약사,1
JDQ4MTYyMiM1MSMkMSMkMCMkODkkMzgxMzUxIzExIyQxIyQ3IyQ3OSQzNjE0ODEjNjEjJDEjJDgjJDgz,순천의료재단 성남정병원,100,물리치료사,6
JDQ4MTYyMiM1MSMkMSMkMCMkODkkMzgxMzUxIzExIyQxIyQ3IyQ3OSQzNjE0ODEjNjEjJDEjJDgjJDgz,순천의료재단 성남정병원,110,작업치료사,2
JDQ4MTYyMiM1MSMkMSMkMCMkODkkMzgxMzUxIzExIyQxIyQzIyQ3MiQyNjEwMDIjNDEjJDEjJDgjJDgz,차의과학대학교분당차병원,71,약사,40
JDQ4MTYyMiM1MSMkMSMkMCMkODkkMzgxMzUxIzExIyQxIyQzIyQ3MiQyNjEwMDIjNDEjJDEjJDgjJDgz,차의과학대학교분당차병원,72,한약사,1
JDQ4MTYyMiM1MSMkMSMkMCMkODkkMzgxMzUxIzExIyQxIyQzIyQ3MiQyNjEwMDIjNDEjJDEjJDgjJDgz,차의과학대학교분당차병원,100,물리치료사,19
JDQ4MTYyMiM1MSMkMSMkMCMkODkkMzgxMzUxIzExIyQxIyQzIyQ3MiQyNjEwMDIjNDEjJDEjJDgjJDgz,차의과학대학교분당차병원,110,작업치료사,12
JDQ4MTYyMiM1MSMkMSMkMCMkODkkMzgxMzUxIzExIyQxIyQzIyQ3MiQyNjEwMDIjNDEjJDEjJDgjJDgz,차의과학대학교분당차병원,200,사회복지사,7
JDQ4MTYyMiM1MSMkMSMkMCMkODkkMzgxMzUxIzExIyQxIyQzIyQ3MiQzNjE4MzIjNDEjJDEjJDgjJDgz,대진의료재단 분당제생병원,71,약사,20
JDQ4MTYyMiM1MSMkMSMkMCMkODkkMzgxMzUxIzExIyQxIyQzIyQ3MiQzNjE4MzIjNDEjJDEjJDgjJDgz,대진의료재단 분당제생병원,100,물리치료사,26
JDQ4MTYyMiM1MSMkMSMkMCMkODkkMzgxMzUxIzExIyQxIyQzIyQ3MiQzNjE4MzIjNDEjJDEjJDgjJDgz,대진의료재단 분당제생병원,110,작업치료사,10
JDQ4MTYyMiM1MSMkMSMkMCMkODkkMzgxMzUxIzExIyQxIyQzIyQ3MiQzNjE4MzIjNDEjJDEjJDgjJDgz,대진의료재단 분당제생병원,200,사회복지사,2
JDQ4MTYyMiM1MSMkMSMkMCMkODkkMzgxMzUxIzExIyQxIyQzIyQ3OSQzNjE4MzIjNjEjJDEjJDAjJDgz,성남중앙병원,71,약사,2
JDQ4MTYyMiM1MSMkMSMkMCMkODkkMzgxMzUxIzExIyQxIyQzIyQ3OSQzNjE4MzIjNjEjJDEjJDAjJDgz,성남중앙병원,100,물리치료사,3
JDQ4MTYyMiM1MSMkMSMkMCMkODkkMzgxMzUxIzExIyQxIyQzIyQ5MiQzNjEwMDIjODEjJDEjJDYjJDgz,국군수도병원,71,약사,15
JDQ4MTYyMiM1MSMkMSMkMCMkODkkMzgxMzUxIzExIyQxIyQzIyQ5MiQzNjEwMDIjODEjJDEjJDYjJDgz,국군수도병원,100,물리치료사,13
JDQ4MTYyMiM1MSMkMSMkMCMkODkkMzgxMzUxIzExIyQxIyQzIyQ5MiQzNjEwMDIjODEjJDEjJDYjJDgz,국군수도병원,110,작업치료사,1
JDQ4MTYyMiM1MSMkMSMkMCMkODkkMzgxMzUxIzExIyQxIyQzIyQ5MiQzNjEwMDIjODEjJDEjJDYjJDgz,국군수도병원,200,사회복지사,3
JDQ4MTYyMiM1MSMkMSMkMCMkODkkMzgxMzUxIzExIyQxIyQzIyQwMyQyNjEwMDIjNTEjJDEjJDYjJDgz,분당서울대학교병원,71,약사,100
JDQ4MTYyMiM1MSMkMSMkMCMkODkkMzgxMzUxIzExIyQxIyQzIyQwMyQyNjEwMDIjNTEjJDEjJDYjJDgz,분당서울대학교병원,100,물리치료사,29
JDQ4MTYyMiM1MSMkMSMkMCMkODkkMzgxMzUxIzExIyQxIyQzIyQwMyQyNjEwMDIjNTEjJDEjJDYjJDgz,분당서울대학교병원,110,작업치료사,12
JDQ4MTYyMiM1MSMkMSMkMCMkODkkMzgxMzUxIzExIyQxIyQzIyQwMyQyNjEwMDIjNTEjJDEjJDYjJDgz,분당서울대학교병원,200,사회복지사,14
JDQ4MTYyMiM1MSMkMSMkMCMkODkkMzgxMzUxIzExIyQyIyQ3IyQwMCQzNjEyMjIjNjEjJDEjJDAjJDgz,성남시의료원,71,약사,9
JDQ4MTYyMiM1MSMkMSMkMCMkODkkMzgxMzUxIzExIyQyIyQ3IyQwMCQzNjEyMjIjNjEjJDEjJDAjJDgz,성남시의료원,100,물리치료사,16
JDQ4MTYyMiM1MSMkMSMkMCMkODkkMzgxMzUxIzExIyQyIyQ3IyQwMCQzNjEyMjIjNjEjJDEjJDAjJDgz,성남시의료원,110,작업치료사,6
JDQ4MTYyMiM1MSMkMSMkMCMkODkkMzgxMzUxIzExIyQyIyQ3IyQwMCQzNjEyMjIjNjEjJDEjJDAjJDgz,성남시의료원,200,사회복지사,7
JDQ4MTYyMiM1MSMkMSMkMCMkOTIkMzgxMzUxIzExIyQxIyQzIyQ2MiQ0NjE0ODEjODEjJDEjJDYjJDgz,성남시분당구보건소,100,물리치료사,2
JDQ4MTYyMiM1MSMkMSMkMCMkOTIkMzgxMzUxIzExIyQxIyQzIyQ5OSQzNjEwMDIjNDEjJDEjJDQjJDgz,수정구보건소,100,물리치료사,2
JDQ4MTYyMiM1MSMkMSMkMCMkOTIkMzgxMzUxIzExIyQyIyQzIyQwMCQ0NjE0ODEjNDEjJDEjJDgjJDgz,성남시중원구보건소,71,약사,1
JDQ4MTYyMiM1MSMkMSMkMCMkOTIkMzgxMzUxIzExIyQyIyQzIyQwMCQ0NjE0ODEjNDEjJDEjJDgjJDgz,성남시중원구보건소,100,물리치료사,3
JDQ4MTYyMiM1MSMkMSMkMCMkOTkkMzgxMzUxIzIxIyQxIyQ5IyQxMyQ0NjEwMDIjNjEjJDEjJDgjJDgz,바른세상병원,71,약사,1
JDQ4MTYyMiM1MSMkMSMkMCMkOTkkMzgxMzUxIzIxIyQxIyQ5IyQxMyQ0NjEwMDIjNjEjJDEjJDgjJDgz,바른세상병원,100,물리치료사,26
JDQ4MTYyMiM1MSMkMSMkMCMkOTkkMzgxMzUxIzMxIyQxIyQ3IyQ5OSQyNjEyMjIjNDEjJDEjJDgjJDgz,분당러스크재활병원,71,약사,1
JDQ4MTYyMiM1MSMkMSMkMCMkOTkkMzgxMzUxIzMxIyQxIyQ3IyQ5OSQyNjEyMjIjNDEjJDEjJDgjJDgz,분당러스크재활병원,100,물리치료사,55
JDQ4MTYyMiM1MSMkMSMkMCMkOTkkMzgxMzUxIzMxIyQxIyQ3IyQ5OSQyNjEyMjIjNDEjJDEjJDgjJDgz,분당러스크재활병원,110,작업치료사,32
JDQ4MTYyMiM1MSMkMSMkMCMkOTkkMzgxMzUxIzMxIyQxIyQ3IyQ5OSQyNjEyMjIjNDEjJDEjJDgjJDgz,분당러스크재활병원,200,사회복지사,3
JDQ4MTYyMiM1MSMkMSMkMCMkOTkkMzgxMzUxIzMxIyQxIyQzIyQ5MiQzNjEwMDIjNjEjJDEjJDQjJDgz,의료법인 본플러스재단 분당병원,100,물리치료사,5
JDQ4MTYyMiM1MSMkMSMkMCMkOTkkMzgxMzUxIzQxIyQxIyQ3IyQwMyQyNjEyMjIjNDEjJDEjJDgjJDgz,분당척병원,71,약사,1
JDQ4MTYyMiM1MSMkMSMkMCMkOTkkMzgxMzUxIzQxIyQxIyQ3IyQwMyQyNjEyMjIjNDEjJDEjJDgjJDgz,분당척병원,100,물리치료사,7
JDQ4MTYyMiM1MSMkMSMkMCMkOTkkMzgxMzUxIzUxIyQxIyQ1IyQ3MiQyNjEwMDIjNTEjJDEjJDYjJDgz,휴엔병원,200,사회복지사,2
JDQ4MTYyMiM1MSMkMSMkMCMkOTkkMzgxMzUxIzUxIyQxIyQxIyQ5MiQzNjEwMDIjNjEjJDEjJDAjJDgz,분당베스트병원,71,약사,1
JDQ4MTYyMiM1MSMkMSMkMCMkOTkkMzgxMzUxIzUxIyQxIyQxIyQ5MiQzNjEwMDIjNjEjJDEjJDAjJDgz,분당베스트병원,100,물리치료사,51
JDQ4MTYyMiM1MSMkMSMkMCMkOTkkMzgxMzUxIzUxIyQxIyQxIyQ5MiQzNjEwMDIjNjEjJDEjJDAjJDgz,분당베스트병원,110,작업치료사,30
JDQ4MTYyMiM1MSMkMSMkMCMkOTkkMzgxMzUxIzUxIyQxIyQxIyQ5MiQzNjEwMDIjNjEjJDEjJDAjJDgz,분당베스트병원,200,사회복지사,2
JDQ4MTYyMiM1MSMkMSMkMCMkOTkkMzgxMzUxIzUxIyQyIyQ1IyQwMCQzNjEwMDIjNDEjJDEjJDgjJDgz,바른마디병원,71,약사,1
JDQ4MTYyMiM1MSMkMSMkMCMkOTkkMzgxMzUxIzUxIyQyIyQ1IyQwMCQzNjEwMDIjNDEjJDEjJDgjJDgz,바른마디병원,100,물리치료사,8
JDQ4MTYyMiM1MSMkMSMkMCMkOTkkMzgxOTYxIzExIyQxIyQ3IyQ2MiQyNjEyMjIjODEjJDEjJDYjJDgz,위례재활의학과병원,71,약사,1
JDQ4MTYyMiM1MSMkMSMkMCMkOTkkMzgxOTYxIzExIyQxIyQ3IyQ2MiQyNjEyMjIjODEjJDEjJDYjJDgz,위례재활의학과병원,100,물리치료사,33
JDQ4MTYyMiM1MSMkMSMkMCMkOTkkMzgxOTYxIzExIyQxIyQ3IyQ2MiQyNjEyMjIjODEjJDEjJDYjJDgz,위례재활의학과병원,110,작업치료사,30
JDQ4MTYyMiM1MSMkMSMkMCMkOTkkMzgxOTYxIzExIyQxIyQ3IyQ2MiQyNjEyMjIjODEjJDEjJDYjJDgz,위례재활의학과병원,200,사회복지사,2
JDQ4MTYyMiM1MSMkMSMkMCMkOTkkMzgxOTYxIzExIyQxIyQ3IyQ2MiQzNjE0ODEjNjEjJDEjJDQjJDgz,연세스타병원,71,약사,1
JDQ4MTYyMiM1MSMkMSMkMCMkOTkkMzgxOTYxIzExIyQxIyQ3IyQ2MiQzNjE0ODEjNjEjJDEjJDQjJDgz,연세스타병원,100,물리치료사,6
JDQ4MTYyMiM1MSMkMSMkMCMkOTkkMzgxOTYxIzExIyQxIyQzIyQ4MiQyNjEyMjIjNzEjJDEjJDgjJDgz,성모윌병원,71,약사,1
JDQ4MTYyMiM1MSMkMSMkMCMkOTkkMzgxOTYxIzExIyQxIyQzIyQ4MiQyNjEyMjIjNzEjJDEjJDgjJDgz,성모윌병원,100,물리치료사,10
JDQ4MTYyMiM1MSMkMSMkMCMkOTkkMzgxOTYxIzExIyQxIyQzIyQ4OSQyNjEyMjIjNDEjJDEjJDgjJDgz,지우병원,100,물리치료사,6
JDQ4MTYyMiM1MSMkMSMkMCMkOTkkMzgxOTYxIzExIyQxIyQzIyQwMyQyNjE0ODEjNjEjJDEjJDQjJDgz,으뜸병원,71,약사,1
JDQ4MTYyMiM1MSMkMSMkMCMkOTkkMzgxOTYxIzExIyQxIyQzIyQwMyQyNjE0ODEjNjEjJDEjJDQjJDgz,으뜸병원,100,물리치료사,3
JDQ4MTYyMiM1MSMkMSMkMCMkOTkkMzgxOTYxIzIxIyQxIyQxIyQ3MiQ0NjE0ODEjNDEjJDEjJDgjJDgz,서울나우병원,71,약사,1
JDQ4MTYyMiM1MSMkMSMkMCMkOTkkMzgxOTYxIzIxIyQxIyQxIyQ3MiQ0NjE0ODEjNDEjJDEjJDgjJDgz,서울나우병원,100,물리치료사,13
JDQ4MTYyMiM1MSMkMSMkMCMkOTkkMzgxOTYxIzIxIyQxIyQxIyQ3MiQ0NjEwMDIjNDEjJDEjJDQjJDgz,더미즈병원,71,약사,1
JDQ4MTYyMiM1MSMkMSMkMCMkOTkkMzgxOTYxIzIxIyQxIyQxIyQ5OSQyNjE4MzIjODEjJDEjJDYjJDgz,미라클 병원,100,물리치료사,4
JDQ4MTYyMiM1MSMkMSMkMCMkOTkkMzgxOTYxIzIxIyQyIyQxIyQwMCQ0NjE0ODEjNzEjJDEjJDgjJDgz,태평서울병원,100,물리치료사,2
JDQ4MTYyMiM1MSMkMSMkMCMkOTkkNTgxMzUxIzExIyQxIyQzIyQ3MiQyNjE0ODEjNDEjJDEjJDgjJDgz,보바스기념병원,71,약사,3
JDQ4MTYyMiM1MSMkMSMkMCMkOTkkNTgxMzUxIzExIyQxIyQzIyQ3MiQyNjE0ODEjNDEjJDEjJDgjJDgz,보바스기념병원,100,물리치료사,56
JDQ4MTYyMiM1MSMkMSMkMCMkOTkkNTgxMzUxIzExIyQxIyQzIyQ3MiQyNjE0ODEjNDEjJDEjJDgjJDgz,보바스기념병원,110,작업치료사,43
JDQ4MTYyMiM1MSMkMSMkMCMkOTkkNTgxMzUxIzExIyQxIyQzIyQ3MiQyNjE0ODEjNDEjJDEjJDgjJDgz,보바스기념병원,200,사회복지사,4
JDQ4MTYyMiM1MSMkMSMkMCMkOTkkNTgxMzUxIzIxIyQxIyQ1IyQ4OSQzNjE0ODEjNjEjJDEjJDAjJDgz,좋은이웃요양병원,100,물리치료사,1
JDQ4MTYyMiM1MSMkMSMkMCMkOTkkNTgxMzUxIzIxIyQxIyQ5IyQ5MiQzNjE4MzIjODEjJDEjJDYjJDgz,카리스요양병원,71,약사,1
JDQ4MTYyMiM1MSMkMSMkMCMkOTkkNTgxMzUxIzIxIyQxIyQ5IyQ5MiQzNjE4MzIjODEjJDEjJDYjJDgz,카리스요양병원,100,물리치료사,4
JDQ4MTYyMiM1MSMkMSMkMCMkOTkkNTgxMzUxIzIxIyQxIyQ5IyQ5MiQzNjE4MzIjODEjJDEjJDYjJDgz,카리스요양병원,110,작업치료사,2
JDQ4MTYyMiM1MSMkMSMkMCMkOTkkNTgxMzUxIzIxIyQxIyQxIyQxMyQ0NjEwMDIjNzEjJDEjJDgjJDgz,성모요양병원,71,약사,1
JDQ4MTYyMiM1MSMkMSMkMCMkOTkkNTgxMzUxIzIxIyQxIyQxIyQxMyQ0NjEwMDIjNzEjJDEjJDgjJDgz,성모요양병원,100,물리치료사,1
JDQ4MTYyMiM1MSMkMSMkMCMkOTkkNTgxMzUxIzIxIyQxIyQxIyQxMyQ0NjEwMDIjNzEjJDEjJDgjJDgz,성모요양병원,200,사회복지사,1
JDQ4MTYyMiM1MSMkMSMkMCMkOTkkNTgxMzUxIzMxIyQxIyQ3IyQ3MiQ0NjE0ODEjNjEjJDEjJDQjJDgz,성남요양병원,71,약사,1
JDQ4MTYyMiM1MSMkMSMkMCMkOTkkNTgxMzUxIzMxIyQxIyQ3IyQ3MiQ0NjE0ODEjNjEjJDEjJDQjJDgz,성남요양병원,100,물리치료사,2
JDQ4MTYyMiM1MSMkMSMkMCMkOTkkNTgxMzUxIzMxIyQxIyQ3IyQ3MiQ0NjE0ODEjNjEjJDEjJDQjJDgz,성남요양병원,110,작업치료사,1
JDQ4MTYyMiM1MSMkMSMkMCMkOTkkNTgxMzUxIzMxIyQxIyQ3IyQ3MiQ0NjE0ODEjNjEjJDEjJDQjJDgz,성남요양병원,200,사회복지사,1
JDQ4MTYyMiM1MSMkMSMkMCMkOTkkNTgxMzUxIzMxIyQxIyQ3IyQ3MiQzNjEwMDIjNDEjJDEjJDgjJDgz,분당수요양병원,100,물리치료사,3
JDQ4MTYyMiM1MSMkMSMkMCMkOTkkNTgxMzUxIzMxIyQxIyQ3IyQ3MiQzNjEwMDIjNDEjJDEjJDgjJDgz,분당수요양병원,200,사회복지사,1
JDQ4MTYyMiM1MSMkMSMkMCMkOTkkNTgxMzUxIzMxIyQxIyQ3IyQ5OSQ0NjEwMDIjNDEjJDEjJDgjJDgz,라온힐요양병원,71,약사,1
JDQ4MTYyMiM1MSMkMSMkMCMkOTkkNTgxMzUxIzMxIyQxIyQ3IyQ5OSQ0NjEwMDIjNDEjJDEjJDgjJDgz,라온힐요양병원,100,물리치료사,13
JDQ4MTYyMiM1MSMkMSMkMCMkOTkkNTgxMzUxIzMxIyQxIyQ3IyQ5OSQ0NjEwMDIjNDEjJDEjJDgjJDgz,라온힐요양병원,110,작업치료사,9
JDQ4MTYyMiM1MSMkMSMkMCMkOTkkNTgxMzUxIzMxIyQxIyQ3IyQ5OSQ0NjEwMDIjNDEjJDEjJDgjJDgz,라온힐요양병원,200,사회복지사,1
JDQ4MTYyMiM1MSMkMSMkMCMkOTkkNTgxMzUxIzMxIyQxIyQzIyQ5OSQyNjE4MzIjNjEjJDEjJDgjJDgz,분당연세요양병원,71,약사,1
JDQ4MTYyMiM1MSMkMSMkMCMkOTkkNTgxMzUxIzMxIyQxIyQzIyQ5OSQyNjE4MzIjNjEjJDEjJDgjJDgz,분당연세요양병원,100,물리치료사,5
JDQ4MTYyMiM1MSMkMSMkMCMkOTkkNTgxMzUxIzMxIyQxIyQzIyQ5OSQyNjE4MzIjNjEjJDEjJDgjJDgz,분당연세요양병원,110,작업치료사,2
JDQ4MTYyMiM1MSMkMSMkMCMkOTkkNTgxMzUxIzMxIyQxIyQzIyQ5OSQyNjE4MzIjNjEjJDEjJDgjJDgz,분당연세요양병원,200,사회복지사,1
JDQ4MTYyMiM1MSMkMSMkMCMkOTkkNTgxMzUxIzQxIyQxIyQ3IyQ3MiQyNjE4MzIjNDEjJDEjJDgjJDgz,성남사랑의병원,71,약사,1
JDQ4MTYyMiM1MSMkMSMkMCMkOTkkNTgxMzUxIzQxIyQxIyQ3IyQ3MiQyNjE4MzIjNDEjJDEjJDgjJDgz,성남사랑의병원,110,작업치료사,1
JDQ4MTYyMiM1MSMkMSMkMCMkOTkkNTgxMzUxIzQxIyQxIyQ3IyQ3MiQyNjE4MzIjNDEjJDEjJDgjJDgz,성남사랑의병원,200,사회복지사,8
JDQ4MTYyMiM1MSMkMSMkMCMkOTkkNTgxMzUxIzUxIyQxIyQ1IyQ3MiQyNjE4MzIjNTEjJDEjJDYjJDgz,우리효사랑요양병원,100,물리치료사,6
JDQ4MTYyMiM1MSMkMSMkMCMkOTkkNTgxMzUxIzUxIyQxIyQ1IyQ3MiQyNjE4MzIjNTEjJDEjJDYjJDgz,우리효사랑요양병원,110,작업치료사,3
JDQ4MTYyMiM1MSMkMSMkMCMkOTkkNTgxMzUxIzUxIyQxIyQ1IyQ3MiQyNjE4MzIjNTEjJDEjJDYjJDgz,우리효사랑요양병원,200,사회복지사,2
JDQ4MTYyMiM1MSMkMSMkMCMkOTkkNTgxMzUxIzUxIyQxIyQ1IyQ3OSQyNjE0ODEjNTEjJDEjJDIjJDgz,파티마 요양병원,100,물리치료사,4
JDQ4MTYyMiM1MSMkMSMkMCMkOTkkNTgxMzUxIzUxIyQxIyQ1IyQ3OSQyNjE0ODEjNTEjJDEjJDIjJDgz,파티마 요양병원,110,작업치료사,2
JDQ4MTYyMiM1MSMkMSMkMCMkOTkkNTgxMzUxIzUxIyQxIyQ1IyQ3OSQyNjE0ODEjNTEjJDEjJDIjJDgz,파티마 요양병원,200,사회복지사,1
JDQ4MTYyMiM1MSMkMSMkMCMkOTkkNTgxMzUxIzUxIyQxIyQ1IyQ3OSQyNjEwMDIjNDEjJDEjJDgjJDgz,위례센트럴요양병원,71,약사,1
JDQ4MTYyMiM1MSMkMSMkMCMkOTkkNTgxMzUxIzUxIyQxIyQ1IyQ3OSQyNjEwMDIjNDEjJDEjJDgjJDgz,위례센트럴요양병원,100,물리치료사,10
JDQ4MTYyMiM1MSMkMSMkMCMkOTkkNTgxMzUxIzUxIyQxIyQ1IyQ3OSQyNjEwMDIjNDEjJDEjJDgjJDgz,위례센트럴요양병원,110,작업치료사,6
JDQ4MTYyMiM1MSMkMSMkMCMkOTkkNTgxMzUxIzUxIyQxIyQ1IyQ3OSQyNjEwMDIjNDEjJDEjJDgjJDgz,위례센트럴요양병원,200,사회복지사,1
JDQ4MTYyMiM1MSMkMSMkMCMkOTkkNTgxMzUxIzUxIyQxIyQxIyQ3OSQ0NjE0ODEjNDEjJDEjJDgjJDgz,위례서울닥터스요양병원,71,약사,1
JDQ4MTYyMiM1MSMkMSMkMCMkOTkkNTgxMzUxIzUxIyQxIyQxIyQ3OSQ0NjE0ODEjNDEjJDEjJDgjJDgz,위례서울닥터스요양병원,100,물리치료사,6
JDQ4MTYyMiM1MSMkMSMkMCMkOTkkNTgxMzUxIzUxIyQxIyQxIyQ3OSQ0NjE0ODEjNDEjJDEjJDgjJDgz,위례서울닥터스요양병원,110,작업치료사,4
JDQ4MTYyMiM1MSMkMSMkMCMkOTkkNTgxMzUxIzUxIyQxIyQxIyQ3OSQ0NjE0ODEjNDEjJDEjJDgjJDgz,위례서울닥터스요양병원,200,사회복지사,1
JDQ4MTYyMiM1MSMkMSMkMCMkOTkkNTgxMzUxIzUxIyQxIyQxIyQwMyQyNjE4MzIjODEjJDEjJDYjJDgz,위례스마트요양병원,71,약사,1
JDQ4MTYyMiM1MSMkMSMkMCMkOTkkNTgxMzUxIzUxIyQxIyQxIyQwMyQyNjE4MzIjODEjJDEjJDYjJDgz,위례스마트요양병원,100,물리치료사,1
JDQ4MTYyMiM1MSMkMSMkMCMkOTkkNTgxMzUxIzUxIyQxIyQxIyQwMyQyNjE4MzIjODEjJDEjJDYjJDgz,위례스마트요양병원,200,사회복지사,1
JDQ4MTYyMiM1MSMkMSMkMCMkOTkkNTgxMzUxIzUxIyQxIyQxIyQxMyQyNjE4MzIjNjEjJDEjJDgjJDgz,서울위례바이오요양병원,100,물리치료사,2
JDQ4MTYyMiM1MSMkMSMkMCMkOTkkNTgxMzUxIzUxIyQxIyQxIyQxMyQyNjE4MzIjNjEjJDEjJDgjJDgz,서울위례바이오요양병원,200,사회복지사,1
JDQ4MTYyMiM1MSMkMiMkMCMkMDAkMzgxMTkxIzMxIyQyIyQ3IyQwMCQzNjE4MzIjNjEjJDEjJDAjJDgz,요셉신경외과의원,100,물리치료사,1
JDQ4MTYyMiM1MSMkMiMkMCMkMDAkMzgxMTkxIzUxIyQxIyQxIyQ3OSQzNjEwMDIjODEjJDEjJDYjJDgz,황정형외과의원,100,물리치료사,2
JDQ4MTYyMiM1MSMkMiMkMCMkMDAkMzgxMTkxIzUxIyQxIyQxIyQ5OSQyNjE4MzIjNzEjJDEjJDgjJDgz,한독의원,100,물리치료사,1
JDQ4MTYyMiM1MSMkMiMkMCMkMDAkMzgxNzAyIzExIyQxIyQ3IyQwMyQzNjEyMjIjNjEjJDEjJDgjJDgz,메디피움 분당의원,100,물리치료사,6
JDQ4MTYyMiM1MSMkMiMkMCMkMDAkMzgxNzAyIzIxIyQxIyQ5IyQ4OSQzNjE0ODEjODEjJDEjJDIjJDgz,메디플러스의원,100,물리치료사,1
JDQ4MTYyMiM1MSMkMiMkMCMkMDAkNDgxMTkxIzMxIyQxIyQzIyQ4MiQyNjE0ODEjNjEjJDEjJDAjJDgz,집으로의원,200,사회복지사,2
JDQ4MTYyMiM1MSMkMiMkMCMkMDAkNDgxMTkxIzQxIyQxIyQ3IyQ3MiQzNjE0ODEjNTEjJDEjJDIjJDgz,이응주정형외과의원,100,물리치료사,3
JDQ4MTYyMiM1MSMkMiMkMCMkMDAkNDgxMTkxIzUxIyQxIyQ1IyQ2MiQyNjEyMjIjNDEjJDEjJDgjJDgz,한솔정형외과의원,100,물리치료사,3
JDQ4MTYyMiM1MSMkMiMkMCMkMDAkNDgxMTkxIzUxIyQxIyQ1IyQ3OSQyNjE0ODEjNjEjJDEjJDgjJDgz,김영수내과의원,100,물리치료사,1
JDQ4MTYyMiM1MSMkMiMkMCMkMDAkNDgxMTkxIzUxIyQxIyQxIyQ4MiQyNjEwMDIjNDEjJDEjJDgjJDgz,성남선의원,100,물리치료사,4
JDQ4MTYyMiM1MSMkMiMkMCMkMDAkNDgxMTkxIzUxIyQxIyQxIyQwMyQ0NjE0ODEjNTEjJDEjJDYjJDgz,우리정형외과의원,100,물리치료사,5
JDQ4MTYyMiM1MSMkMiMkMCMkMDAkNDgxMzUxIzIxIyQxIyQxIyQ3OSQ0NjE0ODEjNjEjJDEjJDgjJDgz,모란연세의원,100,물리치료사,2
JDQ4MTYyMiM1MSMkMiMkMCMkMDAkNDgxMzUxIzQxIyQyIyQ3IyQwMCQzNjEwMDIjNjEjJDEjJDQjJDgz,마디필정형외과의원,100,물리치료사,2
JDQ4MTYyMiM1MSMkMiMkMCMkMDAkNDgxNzAyIzIxIyQxIyQ5IyQwMyQyNjE4MzIjNTEjJDEjJDIjJDgz,엘에스정형외과의원,100,물리치료사,2
JDQ4MTYyMiM1MSMkMiMkMCMkMDAkNDgxNzAyIzIxIyQxIyQxIyQ4OSQyNjEwMDIjNTEjJDEjJDIjJDgz,푸른의원,100,물리치료사,1
JDQ4MTYyMiM1MSMkMiMkMCMkMDAkNDgxOTYxIzExIyQyIyQzIyQwMCQyNjE4MzIjNDEjJDEjJDQjJDgz,한솔의원,100,물리치료사,1
JDQ4MTYyMiM1MSMkMiMkMCMkMDAkNDgxOTYxIzIxIyQxIyQ1IyQ5OSQyNjEyMjIjNTEjJDEjJDYjJDgz,현대재활의학과의원,100,물리치료사,1
JDQ4MTYyMiM1MSMkMiMkMCMkMDAkNDgxOTYxIzIxIyQxIyQ5IyQ4OSQyNjE4MzIjNDEjJDEjJDgjJDgz,구미신경외과의원,100,물리치료사,2
JDQ4MTYyMiM1MSMkMiMkMCMkMDAkNDgxOTYxIzIxIyQyIyQ1IyQwMCQyNjE4MzIjODEjJDEjJDYjJDgz,이주철마취과의원,100,물리치료사,4
JDQ4MTYyMiM1MSMkMiMkMCMkMDAkNDgxOTYxIzMxIyQxIyQ3IyQ2MiQzNjE4MzIjODEjJDEjJDIjJDgz,웰정형외과의원,100,물리치료사,2
JDQ4MTYyMiM1MSMkMiMkMCMkMDAkNDgxOTYxIzMxIyQyIyQzIyQwMCQyNjE0ODEjNzEjJDEjJDgjJDgz,박해일정형외과의원,100,물리치료사,2
JDQ4MTYyMiM1MSMkMiMkMCMkMDAkNDgxOTYxIzQxIyQxIyQ3IyQwMyQzNjE0ODEjODEjJDEjJDYjJDgz,하나중앙의원,100,물리치료사,1
JDQ4MTYyMiM1MSMkMiMkMCMkMDAkNDgxOTYxIzUxIyQxIyQ1IyQ5OSQzNjE0ODEjODEjJDEjJDIjJDgz,큰나무정형외과의원,100,물리치료사,2
JDQ4MTYyMiM1MSMkMiMkMCMkMDAkNTgxMzUxIzExIyQxIyQ3IyQ2MiQzNjEyMjIjNjEjJDEjJDAjJDgz,바른정형외과의원,100,물리치료사,2
JDQ4MTYyMiM1MSMkMiMkMCMkMDAkNTgxMzUxIzExIyQxIyQzIyQxMyQyNjEyMjIjNDEjJDEjJDgjJDgz,허윤외과의원,100,물리치료사,1
JDQ4MTYyMiM1MSMkMiMkMCMkMDAkNTgxMzUxIzMxIyQxIyQzIyQ4MiQzNjE0ODEjODEjJDEjJDIjJDgz,판교바른신경외과의원,100,물리치료사,3
JDQ4MTYyMiM1MSMkMiMkMCMkMDAkNTgxMzUxIzMxIyQxIyQzIyQ4OSQzNjEwMDIjNDEjJDEjJDQjJDgz,한양내과의원,100,물리치료사,1
JDQ4MTYyMiM1MSMkMiMkMCMkMDAkNTgxMzUxIzUxIyQxIyQ1IyQ5OSQ0NjEwMDIjNjEjJDEjJDQjJDgz,백정형외과의원,100,물리치료사,2
JDQ4MTYyMiM1MSMkMiMkMCMkMDAkNTgxMzUxIzUxIyQyIyQ1IyQwMCQyNjEyMjIjNjEjJDEjJDQjJDgz,김지철정형외과의원,100,물리치료사,4
JDQ4MTYyMiM1MSMkMiMkMCMkMDAkNTgxOTYxIzExIyQxIyQ3IyQ2MiQzNjE4MzIjODEjJDEjJDIjJDgz,한일정형외과의원,100,물리치료사,1
JDQ4MTYyMiM1MSMkMiMkMCMkMDAkNTgxOTYxIzExIyQxIyQ3IyQ4MiQzNjE0ODEjODEjJDEjJDIjJDgz,조은정형외과의원,100,물리치료사,5
JDQ4MTYyMiM1MSMkMiMkMCMkMDAkNTgxOTYxIzIxIyQxIyQ1IyQwMyQyNjEwMDIjNDEjJDEjJDgjJDgz,강&서마취통증의학과의원,100,물리치료사,1
JDQ4MTYyMiM1MSMkMiMkMCMkMDAkNTgxOTYxIzMxIyQxIyQ3IyQxMyQyNjE0ODEjODEjJDEjJDYjJDgz,동산의원,100,물리치료사,1
JDQ4MTYyMiM1MSMkMiMkMCMkMDAkNTgxOTYxIzQxIyQyIyQ3IyQwMCQzNjE4MzIjODEjJDEjJDYjJDgz,이메디정형외과의원,100,물리치료사,3
JDQ4MTYyMiM1MSMkMiMkMCMkMDAkNTgxOTYxIzUxIyQxIyQxIyQ2MiQzNjE0ODEjODEjJDEjJDIjJDgz,분당재활의학과의원,100,물리치료사,1
JDQ4MTYyMiM1MSMkMiMkMCMkMDAkNTgxOTYxIzUxIyQxIyQxIyQ3MiQzNjE4MzIjNDEjJDEjJDQjJDgz,의료법인성심의료재단성남성심연합영상의원,100,물리치료사,1
JDQ4MTYyMiM1MSMkMiMkMCMkMDAkNTgxOTYxIzUxIyQyIyQxIyQwMCQyNjEwMDIjNjEjJDEjJDgjJDgz,서울재활의학과의원,100,물리치료사,5
JDU4MTI3MSM1MSMkMSMkMCMkMTMkMzgxNzAyIzUxIyQxIyQ1IyQxMyQ0NjE0ODEjNDEjJDEjJDgjJDgz,성남한의원,72,한약사,1
JDU4MTI3MSM1MSMkMSMkMCMkMTMkNDgxOTYxIzIxIyQxIyQ1IyQ3OSQyNjEyMjIjODEjJDEjJDYjJDgz,창덕궁한의원,72,한약사,1
JDU4MTI3MSM1MSMkMSMkMCMkOTkkNTgxMzUxIzExIyQxIyQzIyQ3OSQzNjE0ODEjNDEjJDEjJDgjJDgz,분당센트럴요양병원,71,약사,1
JDU4MTI3MSM1MSMkMSMkMCMkOTkkNTgxMzUxIzExIyQxIyQzIyQ3OSQzNjE0ODEjNDEjJDEjJDgjJDgz,분당센트럴요양병원,100,물리치료사,13
JDU4MTI3MSM1MSMkMSMkMCMkOTkkNTgxMzUxIzExIyQxIyQzIyQ3OSQzNjE0ODEjNDEjJDEjJDgjJDgz,분당센트럴요양병원,110,작업치료사,8
JDU4MTI3MSM1MSMkMSMkMCMkOTkkNTgxMzUxIzExIyQxIyQzIyQ3OSQzNjE0ODEjNDEjJDEjJDgjJDgz,분당센트럴요양병원,200,사회복지사,2
JDU4MTI3MSM1MSMkMiMkMCMkMDAkMzgxMTkxIzExIyQxIyQ3IyQ4MiQyNjE0ODEjNDEjJDEjJDQjJDgz,아산하나의원,100,물리치료사,1
JDU4MTI3MSM1MSMkMiMkMCMkMDAkMzgxMTkxIzMxIyQxIyQ3IyQwMyQyNjE0ODEjNjEjJDEjJDgjJDgz,서울신경외과재활의학과의원,100,물리치료사,7
JDU4MTI3MSM1MSMkMiMkMCMkMDAkMzgxMTkxIzMxIyQxIyQzIyQ2MiQzNjE4MzIjODEjJDEjJDIjJDgz,고려정형외과의원,100,물리치료사,4
JDU4MTI3MSM1MSMkMiMkMCMkMDAkMzgxMTkxIzUxIyQxIyQ1IyQ4MiQzNjE4MzIjODEjJDEjJDIjJDgz,채움마취통증의학과의원,100,물리치료사,1
JDU4MTI3MSM1MSMkMiMkMCMkMDAkMzgxMzUxIzIxIyQxIyQ5IyQ3MiQzNjE0ODEjNTEjJDEjJDYjJDgz,우리집의원,100,물리치료사,1
JDU4MTI3MSM1MSMkMiMkMCMkMDAkMzgxMzUxIzIxIyQxIyQxIyQ3OSQyNjEyMjIjODEjJDEjJDIjJDgz,현대의원,100,물리치료사,1
JDU4MTI3MSM1MSMkMiMkMCMkMDAkMzgxMzUxIzIxIyQxIyQxIyQ4MiQ0NjEwMDIjODEjJDEjJDYjJDgz,메트로재활의학과의원,100,물리치료사,2
JDU4MTI3MSM1MSMkMiMkMCMkMDAkMzgxMzUxIzIxIyQyIyQ1IyQwMCQ0NjEwMDIjNTEjJDEjJDYjJDgz,한국정형외과의원,100,물리치료사,1
JDU4MTI3MSM1MSMkMiMkMCMkMDAkMzgxMzUxIzIxIyQyIyQxIyQwMCQzNjE4MzIjNDEjJDEjJDgjJDgz,시민의원,100,물리치료사,1
JDU4MTI3MSM1MSMkMiMkMCMkMDAkMzgxMzUxIzMxIyQxIyQzIyQ4MiQyNjE4MzIjODEjJDEjJDYjJDgz,노블정형외과의원,100,물리치료사,7
JDU4MTI3MSM1MSMkMiMkMCMkMDAkMzgxMzUxIzMxIyQxIyQzIyQ5OSQ0NjE0ODEjNDEjJDEjJDgjJDgz,연세제일의원,100,물리치료사,2
JDU4MTI3MSM1MSMkMiMkMCMkMDAkMzgxMzUxIzMxIyQyIyQzIyQwMCQzNjEwMDIjNTEjJDEjJDYjJDgz,참벗마취통증의학과의원,100,물리치료사,1
JDU4MTI3MSM1MSMkMiMkMCMkMDAkMzgxMzUxIzQxIyQyIyQ3IyQwMCQyNjE0ODEjNjEjJDEjJDQjJDgz,서현신정형외과의원,100,물리치료사,1
JDU4MTI3MSM1MSMkMiMkMCMkMDAkMzgxMzUxIzUxIyQxIyQ1IyQ2MiQyNjE0ODEjNjEjJDEjJDQjJDgz,서울휴재활의학과의원,100,물리치료사,15
JDU4MTI3MSM1MSMkMiMkMCMkMDAkMzgxMzUxIzUxIyQxIyQ1IyQ3MiQyNjE4MzIjNzEjJDEjJDgjJDgz,홍익신경외과의원,100,물리치료사,2
JDU4MTI3MSM1MSMkMiMkMCMkMDAkMzgxNzAyIzIxIyQxIyQ5IyQ4OSQ0NjE0ODEjNTEjJDEjJDYjJDgz,조인정형외과의원,100,물리치료사,4
JDU4MTI3MSM1MSMkMiMkMCMkMDAkMzgxNzAyIzIxIyQxIyQ5IyQxMyQ0NjEwMDIjNDEjJDEjJDQjJDgz,자유신경외과의원,100,물리치료사,2
JDU4MTI3MSM1MSMkMiMkMCMkMDAkMzgxNzAyIzIxIyQxIyQxIyQ4MiQzNjE4MzIjODEjJDEjJDYjJDgz,행복한정신건강의학과의원,200,사회복지사,1
JDU4MTI3MSM1MSMkMiMkMCMkMDAkMzgxOTYxIzExIyQxIyQzIyQxMyQzNjE0ODEjNTEjJDEjJDIjJDgz,굿모닝가정의원,100,물리치료사,1
JDU4MTI3MSM1MSMkMiMkMCMkMDAkMzgxOTYxIzIxIyQxIyQ1IyQ3MiQ0NjE0ODEjNjEjJDEjJDQjJDgz,메디사랑의원,100,물리치료사,5
JDU4MTI3MSM1MSMkMiMkMCMkMDAkMzgxOTYxIzQxIyQxIyQ3IyQ4OSQzNjE4MzIjNTEjJDEjJDYjJDgz,수정형외과의원,100,물리치료사,2
JDU4MTI3MSM1MSMkMiMkMCMkMDAkMzgxOTYxIzUxIyQxIyQxIyQ5MiQyNjEwMDIjNjEjJDEjJDAjJDgz,함께하는정신건강의학과의원,200,사회복지사,1
JDU4MTI3MSM1MSMkMiMkMCMkMDAkMzgxOTYxIzUxIyQxIyQxIyQwMyQyNjE4MzIjODEjJDEjJDIjJDgz,참서울의원,100,물리치료사,2
JDU4MTI3MSM1MSMkMiMkMCMkMDAkNDgxMTkxIzExIyQxIyQ3IyQ3OSQzNjEwMDIjODEjJDEjJDYjJDgz,티케이정형외과의원,100,물리치료사,8
JDU4MTI3MSM1MSMkMiMkMCMkMDAkNDgxMTkxIzExIyQxIyQ3IyQ5MiQzNjE4MzIjNjEjJDEjJDgjJDgz,성모튼튼마취통증의학과의원,100,물리치료사,3
JDU4MTI3MSM1MSMkMiMkMCMkMDAkNDgxMTkxIzExIyQyIyQ3IyQwMCQzNjE0ODEjNTEjJDEjJDIjJDgz,판교봉정형외과의원,100,물리치료사,4
JDU4MTI3MSM1MSMkMiMkMCMkMDAkNDgxMTkxIzIxIyQxIyQ1IyQ2MiQzNjE4MzIjNzEjJDEjJDgjJDgz,하나정형외과의원,100,물리치료사,2
JDU4MTI3MSM1MSMkMiMkMCMkMDAkNDgxMTkxIzIxIyQxIyQ1IyQ2MiQzNjEyMjIjODEjJDEjJDYjJDgz,야탑터미널튼튼본의원,100,물리치료사,12
JDU4MTI3MSM1MSMkMiMkMCMkMDAkNDgxMTkxIzIxIyQxIyQ5IyQ3OSQ0NjE0ODEjNTEjJDEjJDIjJDgz,이승철신경외과의원,100,물리치료사,1
JDU4MTI3MSM1MSMkMiMkMCMkMDAkNDgxMTkxIzIxIyQxIyQ5IyQxMyQ0NjE0ODEjODEjJDEjJDIjJDgz,도촌행복정형외과의원,100,물리치료사,3
JDU4MTI3MSM1MSMkMiMkMCMkMDAkNDgxMTkxIzIxIyQxIyQxIyQ5OSQyNjE0ODEjODEjJDEjJDYjJDgz,바로본신경외과의원,100,물리치료사,5
JDU4MTI3MSM1MSMkMiMkMCMkMDAkNDgxMTkxIzIxIyQxIyQxIyQ5OSQzNjEwMDIjNDEjJDEjJDQjJDgz,본탑재활의학과의원,100,물리치료사,9
JDU4MTI3MSM1MSMkMiMkMCMkMDAkNDgxMTkxIzMxIyQxIyQ3IyQ3OSQzNjEyMjIjODEjJDEjJDYjJDgz,판교우리재활의학과의원,100,물리치료사,4
JDU4MTI3MSM1MSMkMiMkMCMkMDAkNDgxMTkxIzMxIyQxIyQ3IyQ5OSQyNjEwMDIjNTEjJDEjJDIjJDgz,제이탑정형외과의원,100,물리치료사,5
JDU4MTI3MSM1MSMkMiMkMCMkMDAkNDgxMTkxIzMxIyQxIyQ3IyQ5OSQzNjE0ODEjNzEjJDEjJDgjJDgz,판교연세힐정형외과의원,100,물리치료사,8
JDU4MTI3MSM1MSMkMiMkMCMkMDAkNDgxMTkxIzMxIyQxIyQzIyQ5OSQzNjE0ODEjNDEjJDEjJDgjJDgz,이동훈연세정형외과의원,100,물리치료사,5
JDU4MTI3MSM1MSMkMiMkMCMkMDAkNDgxMTkxIzMxIyQxIyQzIyQwMyQ0NjE0ODEjNzEjJDEjJDgjJDgz,오케이마취통증의학과의원,100,물리치료사,4
JDU4MTI3MSM1MSMkMiMkMCMkMDAkNDgxMTkxIzMxIyQxIyQzIyQwMyQzNjEwMDIjNTEjJDEjJDIjJDgz,네이버부속의원,100,물리치료사,12
JDU4MTI3MSM1MSMkMiMkMCMkMDAkNDgxMTkxIzMxIyQxIyQzIyQxMyQzNjE4MzIjNjEjJDEjJDgjJDgz,한양솔가정의학과의원,100,물리치료사,1
JDU4MTI3MSM1MSMkMiMkMCMkMDAkNDgxMTkxIzMxIyQxIyQzIyQxMyQzNjEwMDIjNDEjJDEjJDQjJDgz,고려튼튼의원,100,물리치료사,4
JDU4MTI3MSM1MSMkMiMkMCMkMDAkNDgxMTkxIzQxIyQxIyQ3IyQ5MiQzNjE4MzIjNjEjJDEjJDAjJDgz,올린의원,100,물리치료사,2
JDU4MTI3MSM1MSMkMiMkMCMkMDAkNDgxMTkxIzQxIyQyIyQ3IyQwMCQzNjE0ODEjNDEjJDEjJDgjJDgz,서울강정형외과의원,100,물리치료사,3
JDU4MTI3MSM1MSMkMiMkMCMkMDAkNDgxMTkxIzUxIyQxIyQ1IyQ4OSQzNjE0ODEjODEjJDEjJDYjJDgz,성모에이치마취통증의학과의원,100,물리치료사,4
JDU4MTI3MSM1MSMkMiMkMCMkMDAkNDgxMTkxIzUxIyQxIyQ1IyQ5MiQzNjEwMDIjNDEjJDEjJDgjJDgz,이지마취통증의학과 의원,100,물리치료사,1
JDU4MTI3MSM1MSMkMiMkMCMkMDAkNDgxMTkxIzUxIyQxIyQ1IyQwMyQ0NjE0ODEjNTEjJDEjJDIjJDgz,판교정형외과의원,100,물리치료사,13
JDU4MTI3MSM1MSMkMiMkMCMkMDAkNDgxMTkxIzUxIyQxIyQ1IyQwMyQzNjEyMjIjNjEjJDEjJDgjJDgz,서울방재활의학과의원,100,물리치료사,1
JDU4MTI3MSM1MSMkMiMkMCMkMDAkNDgxMzUxIzExIyQxIyQ3IyQ4OSQyNjEyMjIjNDEjJDEjJDgjJDgz,아이엠정형외과의원,100,물리치료사,7
JDU4MTI3MSM1MSMkMiMkMCMkMDAkNDgxMzUxIzExIyQxIyQ3IyQ5OSQzNjEyMjIjNDEjJDEjJDgjJDgz,엠디그린마취통증의학과의원,100,물리치료사,1
JDU4MTI3MSM1MSMkMiMkMCMkMDAkNDgxMzUxIzExIyQxIyQzIyQ2MiQyNjEyMjIjNjEjJDEjJDgjJDgz,고려척척마취통증의학과의원,100,물리치료사,4
JDU4MTI3MSM1MSMkMiMkMCMkMDAkNDgxMzUxIzIxIyQxIyQ1IyQ4MiQzNjE0ODEjNjEjJDEjJDgjJDgz,엔씨소프트부속의원,100,물리치료사,3
JDU4MTI3MSM1MSMkMiMkMCMkMDAkNDgxMzUxIzIxIyQxIyQxIyQ5OSQzNjE4MzIjNjEjJDEjJDQjJDgz,준정형외과의원,100,물리치료사,3
JDU4MTI3MSM1MSMkMiMkMCMkMDAkNDgxMzUxIzMxIyQxIyQzIyQ2MiQzNjEyMjIjNDEjJDEjJDgjJDgz,연세권마취통증의학과의원,100,물리치료사,3
JDU4MTI3MSM1MSMkMiMkMCMkMDAkNDgxMzUxIzMxIyQxIyQzIyQ3OSQyNjE4MzIjNzEjJDEjJDgjJDgz,서울정형외과의원,100,물리치료사,2
JDU4MTI3MSM1MSMkMiMkMCMkMDAkNDgxMzUxIzMxIyQxIyQzIyQ5OSQzNjE0ODEjNDEjJDEjJDQjJDgz,야탑연세마취통증의학과의원,100,물리치료사,3
JDU4MTI3MSM1MSMkMiMkMCMkMDAkNDgxMzUxIzQxIyQxIyQ3IyQxMyQ0NjE0ODEjNjEjJDEjJDgjJDgz,오세관정형외과의원,100,물리치료사,3
JDU4MTI3MSM1MSMkMiMkMCMkMDAkNDgxMzUxIzUxIyQxIyQ1IyQ4MiQzNjEyMjIjNDEjJDEjJDgjJDgz,신통방통의원,100,물리치료사,3
JDU4MTI3MSM1MSMkMiMkMCMkMDAkNDgxMzUxIzUxIyQxIyQ1IyQ5OSQyNjE0ODEjNTEjJDEjJDIjJDgz,서울아산정형외과의원,100,물리치료사,2
JDU4MTI3MSM1MSMkMiMkMCMkMDAkNDgxMzUxIzUxIyQxIyQ1IyQwMyQyNjEyMjIjNTEjJDEjJDIjJDgz,허리편한신경외과의원,100,물리치료사,4
JDU4MTI3MSM1MSMkMiMkMCMkMDAkNDgxMzUxIzUxIyQxIyQ1IyQxMyQ0NjE0ODEjODEjJDEjJDYjJDgz,콕마취통증의학과의원,100,물리치료사,16
JDU4MTI3MSM1MSMkMiMkMCMkMDAkNDgxNzAyIzExIyQxIyQzIyQ5MiQzNjEyMjIjNzEjJDEjJDgjJDgz,삼성힐재활의학과의원,100,물리치료사,9
JDU4MTI3MSM1MSMkMiMkMCMkMDAkNDgxNzAyIzExIyQxIyQzIyQ5MiQzNjEyMjIjNzEjJDEjJDgjJDgz,삼성힐재활의학과의원,110,작업치료사,6
JDU4MTI3MSM1MSMkMiMkMCMkMDAkNDgxNzAyIzExIyQxIyQzIyQ5MiQzNjEyMjIjNzEjJDEjJDgjJDgz,삼성힐재활의학과의원,200,사회복지사,2
JDU4MTI3MSM1MSMkMiMkMCMkMDAkNDgxNzAyIzIxIyQxIyQ1IyQ2MiQyNjE0ODEjNjEjJDEjJDQjJDgz,이세환마취통증의학과의원,100,물리치료사,3
JDU4MTI3MSM1MSMkMiMkMCMkMDAkNDgxNzAyIzIxIyQxIyQ1IyQ4MiQ0NjE0ODEjNjEjJDEjJDQjJDgz,강남재활의학과의원,100,물리치료사,11
JDU4MTI3MSM1MSMkMiMkMCMkMDAkNDgxNzAyIzIxIyQxIyQ5IyQ2MiQzNjE0ODEjNjEjJDEjJDAjJDgz,서울누리의원,100,물리치료사,1
JDU4MTI3MSM1MSMkMiMkMCMkMDAkNDgxNzAyIzIxIyQxIyQxIyQ4MiQzNjE0ODEjNjEjJDEjJDgjJDgz,서울문정형외과의원,100,물리치료사,7
JDU4MTI3MSM1MSMkMiMkMCMkMDAkNDgxNzAyIzIxIyQxIyQxIyQ4MiQzNjE4MzIjNDEjJDEjJDgjJDgz,서울바른신경외과의원,100,물리치료사,5
JDU4MTI3MSM1MSMkMiMkMCMkMDAkNDgxNzAyIzMxIyQxIyQ3IyQ2MiQzNjEyMjIjNTEjJDEjJDYjJDgz,모란튼튼척의원,100,물리치료사,6
JDU4MTI3MSM1MSMkMiMkMCMkMDAkNDgxNzAyIzMxIyQxIyQ3IyQ3OSQzNjEwMDIjNjEjJDEjJDgjJDgz,아산유재활의학과의원 유한의원,100,물리치료사,7
JDU4MTI3MSM1MSMkMiMkMCMkMDAkNDgxNzAyIzMxIyQxIyQzIyQ3MiQyNjE0ODEjNjEjJDEjJDQjJDgz,미라클신경외과의원,100,물리치료사,6
JDU4MTI3MSM1MSMkMiMkMCMkMDAkNDgxNzAyIzQxIyQxIyQ3IyQ4OSQzNjEwMDIjNDEjJDEjJDQjJDgz,분당정자역정형외과의원,100,물리치료사,12
JDU4MTI3MSM1MSMkMiMkMCMkMDAkNDgxNzAyIzQxIyQxIyQ3IyQwMyQ0NjEwMDIjNTEjJDEjJDYjJDgz,분당메디본신경외과의원,100,물리치료사,4
JDU4MTI3MSM1MSMkMiMkMCMkMDAkNDgxNzAyIzUxIyQxIyQ1IyQ4OSQzNjE4MzIjODEjJDEjJDYjJDgz,서울기운찬정형외과의원,100,물리치료사,8
JDU4MTI3MSM1MSMkMiMkMCMkMDAkNDgxNzAyIzUxIyQxIyQ1IyQwMyQ0NjE0ODEjODEjJDEjJDIjJDgz,미래로마취통증의학과의원,100,물리치료사,8
JDU4MTI3MSM1MSMkMiMkMCMkMDAkNDgxNzAyIzUxIyQyIyQ1IyQwMCQyNjE0ODEjNjEjJDEjJDgjJDgz,수내본정형외과의원,100,물리치료사,12
JDU4MTI3MSM1MSMkMiMkMCMkMDAkNDgxOTYxIzExIyQxIyQ3IyQ3MiQyNjE0ODEjODEjJDEjJDYjJDgz,화인마취통증의학과의원,100,물리치료사,2
JDU4MTI3MSM1MSMkMiMkMCMkMDAkNDgxOTYxIzExIyQxIyQzIyQ3OSQ0NjEwMDIjNDEjJDEjJDQjJDgz,연세힐링의원,100,물리치료사,5
JDU4MTI3MSM1MSMkMiMkMCMkMDAkNDgxOTYxIzExIyQxIyQzIyQ3OSQzNjEyMjIjNjEjJDEjJDQjJDgz,굿마디의원,100,물리치료사,1
JDU4MTI3MSM1MSMkMiMkMCMkMDAkNDgxOTYxIzIxIyQxIyQ1IyQ5MiQ0NjE0ODEjNDEjJDEjJDgjJDgz,에이스정형외과의원,100,물리치료사,5
JDU4MTI3MSM1MSMkMiMkMCMkMDAkNDgxOTYxIzIxIyQxIyQ5IyQ3MiQzNjE0ODEjNDEjJDEjJDgjJDgz,서울시원한마취통증의학과의원,100,물리치료사,2
JDU4MTI3MSM1MSMkMiMkMCMkMDAkNDgxOTYxIzIxIyQxIyQ5IyQ5OSQ0NjE0ODEjNDEjJDEjJDgjJDgz,성남척척통증의학과의원,100,물리치료사,4
JDU4MTI3MSM1MSMkMiMkMCMkMDAkNDgxOTYxIzIxIyQxIyQxIyQ5MiQyNjE0ODEjNDEjJDEjJDQjJDgz,등마루신경외과의원,100,물리치료사,2
JDU4MTI3MSM1MSMkMiMkMCMkMDAkNDgxOTYxIzIxIyQxIyQxIyQ5OSQzNjE0ODEjNjEjJDEjJDgjJDgz,나드라의원,100,물리치료사,16
JDU4MTI3MSM1MSMkMiMkMCMkMDAkNDgxOTYxIzMxIyQxIyQ3IyQ2MiQ0NjE0ODEjODEjJDEjJDYjJDgz,한사랑정형외과의원,100,물리치료사,2
JDU4MTI3MSM1MSMkMiMkMCMkMDAkNDgxOTYxIzMxIyQxIyQzIyQwMyQzNjE4MzIjNTEjJDEjJDYjJDgz,이즈메디의원,100,물리치료사,2
JDU4MTI3MSM1MSMkMiMkMCMkMDAkNDgxOTYxIzQxIyQxIyQ3IyQ2MiQzNjEwMDIjNDEjJDEjJDgjJDgz,연세힐마취통증의학과의원,100,물리치료사,5
JDU4MTI3MSM1MSMkMiMkMCMkMDAkNDgxOTYxIzQxIyQyIyQ3IyQwMCQ0NjE0ODEjODEjJDEjJDIjJDgz,늘바른정형외과의원,100,물리치료사,5
JDU4MTI3MSM1MSMkMiMkMCMkMDAkNDgxOTYxIzUxIyQxIyQ1IyQ3OSQyNjEyMjIjNDEjJDEjJDQjJDgz,삼성마취통증의학과의원,100,물리치료사,1
JDU4MTI3MSM1MSMkMiMkMCMkMDAkNDgxOTYxIzUxIyQxIyQ1IyQwMyQzNjE0ODEjNjEjJDEjJDAjJDgz,바로힐마취통증의학과의원,100,물리치료사,1
JDU4MTI3MSM1MSMkMiMkMCMkMDAkNDgxOTYxIzUxIyQxIyQxIyQ3OSQzNjEwMDIjODEjJDEjJDIjJDgz,위례민정형외과의원,100,물리치료사,1
JDU4MTI3MSM1MSMkMiMkMCMkMDAkNDgxOTYxIzUxIyQxIyQxIyQ4MiQyNjEyMjIjNzEjJDEjJDgjJDgz,위례리본정형외과의원,100,물리치료사,6
JDU4MTI3MSM1MSMkMiMkMCMkMDAkNDgxOTYxIzUxIyQxIyQxIyQ5OSQzNjEyMjIjNDEjJDEjJDgjJDgz,서울연합의원 한의원,100,물리치료사,1
JDU4MTI3MSM1MSMkMiMkMCMkMDAkNTgxMzUxIzExIyQxIyQ3IyQ3MiQzNjE4MzIjNTEjJDEjJDIjJDgz,삼성마디탑정형외과의원,100,물리치료사,8
JDU4MTI3MSM1MSMkMiMkMCMkMDAkNTgxMzUxIzExIyQxIyQzIyQ2MiQzNjEwMDIjNTEjJDEjJDIjJDgz,서울마디튼튼재활의학과의원,100,물리치료사,7
JDU4MTI3MSM1MSMkMiMkMCMkMDAkNTgxMzUxIzExIyQxIyQzIyQ2MiQzNjEyMjIjNDEjJDEjJDgjJDgz,아폴로신경외과의원,100,물리치료사,5
JDU4MTI3MSM1MSMkMiMkMCMkMDAkNTgxMzUxIzExIyQxIyQzIyQ5MiQ0NjE0ODEjODEjJDEjJDYjJDgz,삼성통증의학과의원,100,물리치료사,1
JDU4MTI3MSM1MSMkMiMkMCMkMDAkNTgxMzUxIzExIyQxIyQzIyQwMyQzNjE0ODEjNTEjJDEjJDYjJDgz,분당참재활의학과의원,100,물리치료사,3
JDU4MTI3MSM1MSMkMiMkMCMkMDAkNTgxMzUxIzExIyQyIyQzIyQwMCQyNjEyMjIjNDEjJDEjJDgjJDgz,분당제일마디의원,100,물리치료사,2
JDU4MTI3MSM1MSMkMiMkMCMkMDAkNTgxMzUxIzIxIyQxIyQ1IyQ2MiQ0NjEwMDIjNjEjJDEjJDAjJDgz,위례삼성정형외과의원,100,물리치료사,6
JDU4MTI3MSM1MSMkMiMkMCMkMDAkNTgxMzUxIzIxIyQxIyQ1IyQ4MiQyNjE4MzIjNDEjJDEjJDQjJDgz,고든정형외과의원,100,물리치료사,2
JDU4MTI3MSM1MSMkMiMkMCMkMDAkNTgxMzUxIzIxIyQxIyQ5IyQ4MiQyNjEwMDIjNDEjJDEjJDQjJDgz,서울용마취통증의학과의원,100,물리치료사,1
JDU4MTI3MSM1MSMkMiMkMCMkMDAkNTgxMzUxIzIxIyQxIyQxIyQ4MiQzNjE0ODEjNDEjJDEjJDgjJDgz,연세탑정형외과의원,100,물리치료사,2
JDU4MTI3MSM1MSMkMiMkMCMkMDAkNTgxMzUxIzIxIyQxIyQxIyQ4MiQzNjEyMjIjODEjJDEjJDIjJDgz,모란서울통정형외과의원,100,물리치료사,5
JDU4MTI3MSM1MSMkMiMkMCMkMDAkNTgxMzUxIzIxIyQxIyQxIyQ5OSQyNjE4MzIjNjEjJDEjJDAjJDgz,시니어스의원,100,물리치료사,2
JDU4MTI3MSM1MSMkMiMkMCMkMDAkNTgxMzUxIzIxIyQxIyQxIyQwMyQzNjE0ODEjNjEjJDEjJDgjJDgz,튼튼마디의원,100,물리치료사,1
JDU4MTI3MSM1MSMkMiMkMCMkMDAkNTgxMzUxIzMxIyQxIyQzIyQ2MiQzNjEyMjIjNTEjJDEjJDIjJDgz,모란마취통증의학과의원,100,물리치료사,2
JDU4MTI3MSM1MSMkMiMkMCMkMDAkNTgxMzUxIzMxIyQxIyQzIyQ5OSQ0NjEwMDIjNTEjJDEjJDIjJDgz,이안정형외과의원,100,물리치료사,2
JDU4MTI3MSM1MSMkMiMkMCMkMDAkNTgxMzUxIzMxIyQxIyQzIyQ5OSQyNjE4MzIjNTEjJDEjJDYjJDgz,세계로 신경외과의원,100,물리치료사,1
JDU4MTI3MSM1MSMkMiMkMCMkMDAkNTgxMzUxIzMxIyQxIyQzIyQwMyQzNjE0ODEjNjEjJDEjJDQjJDgz,미금본닥터정형외과의원,100,물리치료사,5
JDU4MTI3MSM1MSMkMiMkMCMkMDAkNTgxMzUxIzQxIyQxIyQ3IyQ3OSQzNjE4MzIjNjEjJDEjJDAjJDgz,양지바른정형외과의원,100,물리치료사,3
JDU4MTI3MSM1MSMkMiMkMCMkMDAkNTgxMzUxIzQxIyQxIyQ3IyQ4OSQzNjEwMDIjNjEjJDEjJDQjJDgz,삼성으뜸정형외과의원,100,물리치료사,2
JDU4MTI3MSM1MSMkMiMkMCMkMDAkNTgxMzUxIzQxIyQxIyQ3IyQ5MiQzNjEwMDIjODEjJDEjJDYjJDgz,메리놀정형외과의원,100,물리치료사,1
JDU4MTI3MSM1MSMkMiMkMCMkMDAkNTgxMzUxIzQxIyQxIyQ3IyQ5OSQ0NjE0ODEjNzEjJDEjJDgjJDgz,바른힐정형외과의원,100,물리치료사,1
JDU4MTI3MSM1MSMkMiMkMCMkMDAkNTgxMzUxIzQxIyQxIyQ3IyQxMyQyNjEyMjIjODEjJDEjJDYjJDgz,분당서울재활의학과의원,100,물리치료사,2
JDU4MTI3MSM1MSMkMiMkMCMkMDAkNTgxMzUxIzUxIyQxIyQ1IyQ3MiQyNjE0ODEjNjEjJDEjJDgjJDgz,다온정형외과의원,100,물리치료사,5
JDU4MTI3MSM1MSMkMiMkMCMkMDAkNTgxMzUxIzUxIyQxIyQ1IyQ3OSQ0NjE0ODEjNjEjJDEjJDQjJDgz,분당성모정형외과의원,100,물리치료사,5
JDU4MTI3MSM1MSMkMiMkMCMkMDAkNTgxMzUxIzUxIyQxIyQ1IyQ4MiQzNjE0ODEjNjEjJDEjJDgjJDgz,더바른정형외과의원,100,물리치료사,3
JDU4MTI3MSM1MSMkMiMkMCMkMDAkNTgxMzUxIzUxIyQxIyQxIyQ5MiQ0NjE0ODEjNDEjJDEjJDQjJDgz,서현바른정형외과의원,100,물리치료사,8
JDU4MTI3MSM1MSMkMiMkMCMkMDAkNTgxOTYxIzExIyQxIyQ3IyQ4MiQ0NjE0ODEjNTEjJDEjJDYjJDgz,위드본의원,100,물리치료사,3
JDU4MTI3MSM1MSMkMiMkMCMkMDAkNTgxOTYxIzExIyQxIyQ3IyQxMyQzNjEwMDIjNDEjJDEjJDgjJDgz,미금더튼튼의원,100,물리치료사,7
JDU4MTI3MSM1MSMkMiMkMCMkMDAkNTgxOTYxIzExIyQxIyQ3IyQxMyQzNjEyMjIjODEjJDEjJDYjJDgz,분당바른의원,100,물리치료사,1
JDU4MTI3MSM1MSMkMiMkMCMkMDAkNTgxOTYxIzIxIyQxIyQ1IyQ4MiQyNjE4MzIjNjEjJDEjJDQjJDgz,서울중앙의원,100,물리치료사,3
JDU4MTI3MSM1MSMkMiMkMCMkMDAkNTgxOTYxIzIxIyQxIyQ5IyQ4MiQyNjEyMjIjNTEjJDEjJDYjJDgz,판교이엠365의원,100,물리치료사,4
JDU4MTI3MSM1MSMkMiMkMCMkMDAkNTgxOTYxIzIxIyQxIyQ5IyQ5MiQ0NjEwMDIjODEjJDEjJDIjJDgz,본척척재활의학과의원,100,물리치료사,4
JDU4MTI3MSM1MSMkMiMkMCMkMDAkNTgxOTYxIzIxIyQxIyQ5IyQ5OSQyNjE0ODEjODEjJDEjJDIjJDgz,위례퍼스트정형외과의원,100,물리치료사,8
JDU4MTI3MSM1MSMkMiMkMCMkMDAkNTgxOTYxIzIxIyQxIyQxIyQ3MiQzNjE0ODEjNDEjJDEjJDQjJDgz,성남근본마취통증의학과의원,100,물리치료사,3
JDU4MTI3MSM1MSMkMiMkMCMkMDAkNTgxOTYxIzIxIyQxIyQxIyQxMyQyNjEwMDIjNjEjJDEjJDAjJDgz,고려탑신경외과의원,100,물리치료사,8
JDU4MTI3MSM1MSMkMiMkMCMkMDAkNTgxOTYxIzIxIyQxIyQxIyQxMyQyNjEyMjIjNTEjJDEjJDIjJDgz,바로튼튼365의원,100,물리치료사,4
JDU4MTI3MSM1MSMkMiMkMCMkMDAkNTgxOTYxIzIxIyQyIyQ1IyQwMCQyNjEyMjIjNjEjJDEjJDQjJDgz,분당정자굿본재활의학과의원,100,물리치료사,5
JDU4MTI3MSM1MSMkMiMkMCMkMDAkNTgxOTYxIzMxIyQxIyQ3IyQ4OSQ0NjEwMDIjNzEjJDEjJDgjJDgz,분당서울마취통증의학과의원,100,물리치료사,4
JDU4MTI3MSM1MSMkMiMkMCMkMDAkNTgxOTYxIzMxIyQxIyQ3IyQ4OSQzNjEyMjIjNTEjJDEjJDIjJDgz,서현마디튼튼재활의학과의원,100,물리치료사,5
JDU4MTI3MSM1MSMkMiMkMCMkMDAkNTgxOTYxIzMxIyQxIyQ3IyQ5OSQzNjE4MzIjODEjJDEjJDIjJDgz,분당수내365의원,100,물리치료사,1
JDU4MTI3MSM1MSMkMiMkMCMkMDAkNTgxOTYxIzMxIyQxIyQ3IyQxMyQyNjEyMjIjODEjJDEjJDIjJDgz,삼성활력마디의원,100,물리치료사,4
JDU4MTI3MSM1MSMkMiMkMCMkMDAkNTgxOTYxIzMxIyQxIyQzIyQ4MiQyNjEwMDIjNDEjJDEjJDgjJDgz,분당삼성정형외과의원,100,물리치료사,6
JDU4MTI3MSM1MSMkMiMkMCMkMDAkNTgxOTYxIzMxIyQxIyQzIyQ4MiQyNjEyMjIjNDEjJDEjJDQjJDgz,연세마스터정형외과의원,100,물리치료사,3
JDU4MTI3MSM1MSMkMiMkMCMkMDAkNTgxOTYxIzMxIyQxIyQzIyQ5MiQ0NjE0ODEjNjEjJDEjJDgjJDgz,판교새로튼튼재활의학과의원,100,물리치료사,6
JDU4MTI3MSM1MSMkMiMkMCMkMDAkNTgxOTYxIzMxIyQxIyQzIyQxMyQzNjEwMDIjNjEjJDEjJDgjJDgz,단대오거리정형외과의원,100,물리치료사,6
JDU4MTI3MSM1MSMkMiMkMCMkMDAkNTgxOTYxIzMxIyQyIyQ3IyQwMCQzNjEwMDIjODEjJDEjJDYjJDgz,분당슬기로운마취통증의학과의원,100,물리치료사,3
JDU4MTI3MSM1MSMkMiMkMCMkMDAkNTgxOTYxIzMxIyQyIyQzIyQwMCQ0NjEwMDIjNjEjJDEjJDQjJDgz,연세정석정형외과의원,100,물리치료사,7
JDU4MTI3MSM1MSMkMiMkMCMkMDAkNTgxOTYxIzQxIyQxIyQ3IyQ5MiQyNjEwMDIjNDEjJDEjJDgjJDgz,서현탑정형외과의원,100,물리치료사,1
JDU4MTI3MSM1MSMkMiMkMCMkMDAkNTgxOTYxIzQxIyQxIyQ3IyQ5OSQzNjEyMjIjNjEjJDEjJDgjJDgz,연세가정의원,200,사회복지사,1
